{
  "1834_W3sidHJhaX_RmVtYWxlLC": {
    "cardDetails": {
      "cardName": "Teal Masquerader",
      "typeIcon": "🫘",
      "hp": "100 HP",
      "move": {
        "name": "Silent Gaze",
        "atk": "30"
      },
      "weakness": "⚡ x2",
      "resistance": "🪨 -20",
      "retreatCost": "🌟",
      "rarity": "★★"
    },
    "timestamp": "2025-03-11T05:54:07.612Z",
    "description": "Female, short hair with teal hues and a teal hairband, ruby eyes, face covered with a black mask, ou...",
    "traitCount": 6
  },
  "1833_W3sidHJhaX_RmVtYWxlLC": {
    "cardDetails": {
      "cardName": "Ruby-Eyed Indigo Minstrel",
      "typeIcon": "🫘",
      "hp": "140 HP",
      "move": {
        "name": "Melodic Whirl",
        "atk": "50"
      },
      "weakness": "⚡ x2",
      "resistance": "🔥 -20",
      "retreatCost": "🌟",
      "rarity": "★★★"
    },
    "timestamp": "2025-03-11T06:44:00.535Z",
    "description": "Female, indigo pixie haircut, ruby eyes, youthful facial features, wearing a turquoise kimono adorne...",
    "traitCount": 8
  },
  "1872_W3sidHJhaX_TWFsZSwgZG": {
    "cardDetails": {
      "cardName": "Disheveled Zen Horn",
      "typeIcon": "🪨",
      "hp": "140 HP",
      "move": {
        "name": "Bored Stare",
        "atk": "50"
      },
      "weakness": "💧 x2",
      "resistance": "🔥 -20",
      "retreatCost": "🌟",
      "rarity": "★★★"
    },
    "timestamp": "2025-03-11T07:09:56.209Z",
    "description": "Male, disheveled silver hair with black and red horns, bored blue eyes, facial features include a to...",
    "traitCount": 8
  },
  "1873_W3sidHJhaX_RmVtYWxlLC": {
    "cardDetails": {
      "cardName": "Indigo Stormshade",
      "typeIcon": "🪨",
      "hp": "110 HP",
      "move": {
        "name": "Umbrella Gust",
        "atk": "50"
      },
      "weakness": "💧 x2",
      "resistance": "🔥 -20",
      "retreatCost": "🌟",
      "rarity": "★★★"
    },
    "timestamp": "2025-03-11T07:12:29.646Z",
    "description": "Female, indigo ponytail hairstyle beneath an IKZ baseball cap, joyful eyes visible behind reading gl...",
    "traitCount": 10
  },
  "1874_W3sidHJhaX_RmVtYWxlLC": {
    "cardDetails": {
      "cardName": "Serene Shadowfur",
      "typeIcon": "🪨",
      "hp": "100 HP",
      "move": {
        "name": "Teal Whisper",
        "atk": "40"
      },
      "weakness": "💧 x2",
      "resistance": "⚡ -20",
      "retreatCost": "🌟",
      "rarity": "★★"
    },
    "timestamp": "2025-03-11T07:13:36.620Z",
    "description": "Female, teal bun hairstyle, eyes closed, visible eye scar on the left side, wearing a fur hoodie, no...",
    "traitCount": 7
  },
  "1879_W3sidHJhaX_RmVtYWxlLC": {
    "cardDetails": {
      "cardName": "Azure Specter",
      "typeIcon": "💧",
      "hp": "100 HP",
      "move": {
        "name": "Ethereal Splash",
        "atk": "40"
      },
      "weakness": "⚡ x2",
      "resistance": "🔥 -20",
      "retreatCost": "🌟",
      "rarity": "★★"
    },
    "timestamp": "2025-03-11T07:22:50.629Z",
    "description": "Female, spirit bob hairstyle, white eyes, clear glasses, blue tank top, corded earbuds, dark blue ba...",
    "traitCount": 8
  },
  "1880_W3sidHJhaX_RmVtYWxlLC": {
    "cardDetails": {
      "cardName": "Dreaming Sakura",
      "typeIcon": "🫘",
      "hp": "130 HP",
      "move": {
        "name": "Floral Daydream",
        "atk": "50"
      },
      "weakness": "⚡ x2",
      "resistance": "💧 -20",
      "retreatCost": "🌟🌟",
      "rarity": "★★★"
    },
    "timestamp": "2025-03-11T07:39:12.160Z",
    "description": "Female, short pink hair with a dark hairband, daydreaming eyes with a distant gaze, a cigarette betw...",
    "traitCount": 7
  },
  "1882_W3sidHJhaX_RmVtYWxlLC": {
    "cardDetails": {
      "cardName": "Pixie Bubblegum Kanzashi",
      "typeIcon": "🫘",
      "hp": "130 HP",
      "move": {
        "name": "Bubblegum Blast",
        "atk": "50"
      },
      "weakness": "🔥 x2",
      "resistance": "💧 -20",
      "retreatCost": "🌟🌟",
      "rarity": "★★★"
    },
    "timestamp": "2025-03-11T07:45:47.651Z",
    "description": "Female, indigo pixie haircut, concerned eyes, bubble gum in mouth, wearing a frog t-shirt, blue fan-...",
    "traitCount": 8
  },
  "7154_W3sidHJhaX_RmVtYWxlLC": {
    "cardDetails": {
      "cardName": "Silver Dreamer",
      "typeIcon": "🔥",
      "hp": 110,
      "move": {
        "name": "Shuriken Toss",
        "atk": 50
      },
      "moveDescription": "Silver Dreamer attacks with precision, using her mystical shuriken to disrupt the opponent's strategies.",
      "weakness": "💧 x2",
      "resistance": "🪨 -20",
      "retreatCost": "🌟🌟",
      "rarity": "★★★"
    },
    "timestamp": "2025-03-11T09:58:32.774Z",
    "description": "Female, silver bangs, daydreaming eyes, red skin, wearing a white hoodie, holding a shuriken, off wh...",
    "traitCount": 7
  },
  "8110_W3sidHJhaX_RmVtYWxlLC": {
    "cardDetails": {
      "cardName": "Kimono Sweeper",
      "typeIcon": "🪨",
      "hp": 90,
      "move": {
        "name": "Sweeping Strike",
        "atk": 50
      },
      "moveDescription": "Unleashes a graceful yet potent strike with her floorsweeper, disrupting the opponent's stance.",
      "weakness": "💧 x2",
      "resistance": "🔥 -20",
      "retreatCost": "🌟🌟",
      "rarity": "★★★"
    },
    "timestamp": "2025-03-11T10:01:54.438Z",
    "description": "Female, maroon bob hairstyle, joyful eyes, laughing mouth, wearing a turquoise kimono with a bow, ho...",
    "traitCount": 7
  },
  "1987_W3sidHJhaX_RmVtYWxlLC": {
    "cardDetails": {
      "cardName": "Shuriken Blossom",
      "typeIcon": "🪨",
      "hp": 110,
      "move": {
        "name": "Kimono Slash",
        "atk": 50
      },
      "moveDescription": "A swift and elegant strike, empowered by the grace of her kimono and the sharpness of her shuriken.",
      "weakness": "💧 x2",
      "resistance": "⚡ -20",
      "retreatCost": "🌟🌟",
      "rarity": "★★★"
    },
    "timestamp": "2025-03-11T10:15:45.560Z",
    "description": "Female, pink flowy hair with a headband, joyful eyes and tongue out, blue kimono with a bow, holding...",
    "traitCount": 8
  },
  "1878_W3sidHJhaX_TWFsZSwgc2": {
    "cardDetails": {
      "cardName": "Ethereal Blade Master",
      "typeIcon": "🪨",
      "hp": 120,
      "move": {
        "name": "Katana Slash",
        "atk": 50
      },
      "moveDescription": "A swift strike from the ethereal katana that cuts through both wind and will.",
      "weakness": "💧 x2",
      "resistance": "🔥 -20",
      "retreatCost": "🌟🌟",
      "rarity": "★★★"
    },
    "timestamp": "2025-03-11T10:33:41.760Z",
    "description": "Male, silver swept-back hair, careless blue eyes, blue skin, wearing a light kimono with a leather k...",
    "traitCount": 7
  }
}